model,KuHar,MotionSense,RealWorld_thigh,RealWorld_waist,UCI,WISDM,mean
imu_cnn,0.4930555522441864,0.578154444694519,0.3831811249256134,0.5351080298423767,0.6231883764266968,0.4419106245040893,0.509099692106247
imu_transformer,0.5625,0.5668550133705139,0.3888888955116272,0.4753086566925049,0.6057971119880676,0.2000000029802322,0.466558280090491
inception_time,0.3194444477558136,0.2193973660469055,0.2005327194929123,0.1905864179134369,0.156521737575531,0.1599383652210235,0.20773684233427048
resnet_1d_8,0.7222222089767456,0.4839924573898315,0.4623287618160248,0.6890432238578796,0.7159420251846313,0.5020030736923218,0.5959219584862391
resnet_1d_se_5,0.625,0.4661017060279846,0.4573820531368255,0.6523919701576233,0.7347826361656189,0.5026193857192993,0.5730462918678919
resnet_1d_se_8,0.7291666865348816,0.5461393594741821,0.4859208464622497,0.6983024477958679,0.8014492988586426,0.5448381900787354,0.6343028048674265
simple_1d_conv,0.5347222089767456,0.5244821310043335,0.4619482457637787,0.4795524775981903,0.6797101497650146,0.530354380607605,0.535128265619278
