model,KuHar,MotionSense,RealWorld_thigh,RealWorld_waist,UCI,WISDM,mean
imu_cnn,0.8611111044883728,0.9369114637374878,0.5692541599273682,0.7322530746459961,0.9463768005371094,0.7922958135604858,0.8063670694828033
imu_transformer,0.6041666865348816,0.1666666716337204,0.5738204121589661,0.7573302388191223,0.2000000029802322,0.7442218661308289,0.5077009797096252
inception_time,0.2986111044883728,0.2871939837932586,0.2149923890829086,0.238425925374031,0.3304347693920135,0.2859784364700317,0.2759394347667694
resnet_1d_8,0.9305555820465088,0.9444444179534912,0.7172755002975464,0.8209876418113708,0.97826087474823,0.7654853463172913,0.8595015605290731
resnet_1d_se_5,0.8125,0.8615819215774536,0.5852358937263489,0.8391203880310059,0.9188405871391296,0.7617873549461365,0.7965110242366791
resnet_1d_se_8,0.9305555820465088,0.9293785095214844,0.7077625393867493,0.8356481194496155,0.9768115878105164,0.7771956920623779,0.8595586717128754
simple_1d_conv,0.8194444179534912,0.9783427715301514,0.6308979988098145,0.7484567761421204,0.9666666388511658,0.8107858300209045,0.8257657388846079
