Train loss_epoch,epoch,step,Train loss_step
0.6944268345832825,0,21,
0.6934602856636047,1,43,
,2,49,0.6916245222091675
0.6928069591522217,2,65,
0.6924455165863037,3,87,
,4,99,0.6917191743850708
0.6921829581260681,4,109,
0.6921127438545227,5,131,
,6,149,0.6916031837463379
0.6920428276062012,6,153,
0.6918554902076721,7,175,
0.6917993426322937,8,197,
,9,199,0.6904100775718689
0.6913480162620544,9,219,
